"state","sample","battery_a","battery_w","charge_counter_uah","capacity","status","limit","limitmax","usb_w","direct_proxy_w","temp_c"
"separated","1","0","0","2225990","45","Not charging","10","10","1.2049","1.2049","29.7"
"separated","2","0","0","2225990","46","Not charging","10","10","1.3907","1.3907","29.7"
"separated","3","0","0","2225990","46","Not charging","10","10","1.3017","1.3017","29.7"
"separated","4","0","0","2225990","46","Not charging","10","10","1.313","1.313","29.7"
"separated","5","-0.0664","-0.2542","2225972","46","Not charging","10","10","1.3957","1.6499","29.7"
"separated","6","0","0","2225972","46","Not charging","10","10","1.4187","1.4187","29.7"
"separated","7","-0.0005","-0.0019","2225972","46","Not charging","10","10","1.3294","1.3313","29.7"
"separated","8","-0.0005","-0.0019","2225972","46","Not charging","10","10","1.5683","1.5701","29.7"
"separated","9","-0.0664","-0.2542","2225954","46","Not charging","10","10","1.3038","1.5581","29.7"
"separated","10","0","0","2225935","46","Not charging","10","10","1.2755","1.2755","29.7"
"separated","11","0","0","2225935","46","Not charging","10","10","1.5924","1.5924","29.7"
"separated","12","0","0","2225935","46","Not charging","10","10","1.3051","1.3051","29.7"
"separated","13","0","0","2225935","46","Not charging","10","10","1.3789","1.3789","29.7"
"separated","14","-0.0659","-0.2524","2225917","46","Not charging","10","10","1.3048","1.5571","29.7"
"separated","15","0","0","2225917","46","Not charging","10","10","1.2551","1.2551","29.7"
"separated","16","0","0","2225917","46","Not charging","10","10","1.308","1.308","29.7"
"separated","17","0","0","2225917","46","Not charging","10","10","1.2411","1.2411","29.7"
"separated","18","0","0","2225917","46","Not charging","10","10","1.399","1.399","29.7"
"separated","19","0","0","2225917","46","Not charging","10","10","1.4189","1.4189","29.7"
"separated","20","0","0","2225917","46","Not charging","10","10","1.3003","1.3003","29.7"
"separated","21","-0.0005","-0.0019","2225917","46","Not charging","10","10","1.254","1.2559","29.7"
"separated","22","-0.0005","-0.0019","2225917","46","Not charging","10","10","1.2952","1.2971","29.7"
"separated","23","0","0","2225917","46","Not charging","10","10","1.4114","1.4114","29.7"
"separated","24","-0.0659","-0.2524","2225899","46","Not charging","10","10","1.2454","1.4978","29.7"
"separated","25","0","0","2225899","46","Not charging","10","10","1.6566","1.6566","29.7"
"separated","26","0","0","2225899","46","Not charging","10","10","1.3873","1.3873","29.7"
"separated","27","0","0","2225899","46","Not charging","10","10","1.5194","1.5194","29.7"
"separated","28","-0.0659","-0.2524","2225881","46","Not charging","10","10","1.3418","1.5942","29.7"
"separated","29","0","0","2225881","46","Not charging","10","10","1.2982","1.2982","29.7"
"separated","30","0","0","2225881","46","Not charging","10","10","1.9617","1.9617","29.7"
